path,mode,blob_sha,sha256,size,disposition,release_target,implementation_state,destinations,reason
pstack/.cursor-plugin/plugin.json,100644,0ab7fa1b6a2bbcbb1a25e797e74be5ee63370bed,c17868a6a39a8f7c109fdedf5df7ebcc4d8cde127a10f40c663a8c46adc4087e,721,ignore with reason,0.2,not planned,provenance/upstream/pstack-0.15.9.tar.gz,Historical source preserved in provenance archive only; not a supported native runtime capability.
pstack/.gitignore,100644,aafcb345668bd80cbb256b066898d4df8988da0e,8ffe9de56bd30c1a95cd945262d6e3ac355ada4111551dde41f67851b9f1fc55,30,ignore with reason,0.2,not planned,provenance/upstream/pstack-0.15.9.tar.gz,Historical source preserved in provenance archive only; not a supported native runtime capability.
pstack/LICENSE,100644,6b5400237fdf6545be0b8fae370d6f2fcff8fb25,bc957ca6bee02792566a1a028d105e02e247c6e77cf057061674273da77b200e,1067,port verbatim,0.2,present,plugin/PSTACK-LICENSE,Upstream MIT attribution is included in the installed artifact.
pstack/README.md,100644,cf64d3602995ddf54f06fb8bf27e3520850d21f2,850eea901004b9ef4633e17c1bd9932863046a021242b4e043907ae534b21fa8,23830,ignore with reason,0.2,not planned,provenance/upstream/pstack-0.15.9.tar.gz,Historical source preserved in provenance archive only; not a supported native runtime capability.
pstack/agents/comment-sicko.md,100644,9a688b8c5b5734ee80f782d4616a78c4c59b0946,c0fd0383008da45fc78cfac17b9007d62c42f87ad1c8d5c2fb658b1fd01f7c82,2230,port with adaptation,0.2,present,plugin/agents/hugues-comment-sicko.md,Canonical native consolidation; original bytes preserved in the upstream provenance archive.
pstack/agents/poteto-agent.md,100644,f9d79a75560520cbb2f939c587ce00fa7e33037a,abe41c169ecbfe65641f1725f4188d568e046c0dec7fd2dc271abb594c299201,686,port with adaptation,0.2,present,plugin/agents/hugues-agent.md,Canonical native consolidation; original bytes preserved in the upstream provenance archive.
pstack/assets/logo.png,100644,3754e87cb0e1362f17428bc84c661166ee145156,672f6791589ef758b0ced2c4c477913fa2758623c438e265639a0d539ce90695,361140,ignore with reason,0.2,not planned,provenance/upstream/pstack-0.15.9.tar.gz,Historical source preserved in provenance archive only; not a supported native runtime capability.
pstack/automations/benny/FOR_AGENTS.md,100644,e732156e9b88b463e4a40c0f51596bca4aedcdb4,a125e317dec1b8731fdc71f404c669f1127a73af932f7a7b8b8744a5542328a7,7460,ignore with reason,not planned,not planned,provenance/upstream/pstack-0.15.9.tar.gz,Historical source preserved in provenance archive only; not a supported native runtime capability.
pstack/automations/benny/README.md,100644,76804c8c566aae1a70734725416ae2f251a7ae30,ca3c42cbb7f0bf7068f7407eb355815e6c234d5c2786942f3cbe751a3690024b,1321,ignore with reason,not planned,not planned,provenance/upstream/pstack-0.15.9.tar.gz,Historical source preserved in provenance archive only; not a supported native runtime capability.
pstack/automations/benny/skills/reproduce-and-fix-issues/SKILL.md,100644,effa5f0a38d2cfe7d948a71ff51827e2e2017257,1363cc07343fe86aab42853b1bd4563288cbcbdf12f1c265b3b3b1afa25c09cb,14238,ignore with reason,not planned,not planned,provenance/upstream/pstack-0.15.9.tar.gz,Historical source preserved in provenance archive only; not a supported native runtime capability.
pstack/automations/benny/skills/reproduce-and-fix-issues/references/control-adapter.md,100644,3399491eddbc458f3a7ceb6fd62b8f89266b07ef,58b0615d2fca895f9a20df83266e280042b0d585b5f2fd324e2094a682fd846b,5517,ignore with reason,not planned,not planned,provenance/upstream/pstack-0.15.9.tar.gz,Historical source preserved in provenance archive only; not a supported native runtime capability.
pstack/automations/benny/skills/reproduce-and-fix-issues/references/feature-map.example.md,100644,620ddedba3c13d603974b1d78754e36946dacf81,1e5c7c8522daec3e43fcc2e73ceb97289ded65b552949ce65a11cc8eb3d2b6ee,5646,ignore with reason,not planned,not planned,provenance/upstream/pstack-0.15.9.tar.gz,Historical source preserved in provenance archive only; not a supported native runtime capability.
pstack/automations/benny/skills/reproduce-and-fix-issues/references/verify-existing-fix.md,100644,e3cda3c06a48432fd932b32318ade4e6178ef4ed,c90eae00abcdec71a58fa8d60f2c495b082a526ad50b8e8e494837609129bf29,3149,ignore with reason,not planned,not planned,provenance/upstream/pstack-0.15.9.tar.gz,Historical source preserved in provenance archive only; not a supported native runtime capability.
pstack/automations/benny/skills/setup-benny/SKILL.md,100644,b05c26f4d4a39c16559f5ef2bbdd380adc923fda,5a3cbe63360c9f6373b6cb6c79a1eaf7e0eba181bfaa1577e2e6431af3407282,13992,ignore with reason,not planned,not planned,provenance/upstream/pstack-0.15.9.tar.gz,Historical source preserved in provenance archive only; not a supported native runtime capability.
pstack/automations/benny/skills/triage-issue-reports/SKILL.md,100644,d691672d00fb8f8f07fc17290d00ae49d1fd119b,216a758b8711e64d19a55e6032c496527daac6364d010611040f3c04ef1a448f,10320,ignore with reason,not planned,not planned,provenance/upstream/pstack-0.15.9.tar.gz,Historical source preserved in provenance archive only; not a supported native runtime capability.
pstack/automations/benny/skills/triage-issue-reports/references/routing.example.md,100644,d71aea768c7d9452270ca4f11091a47e5750038c,e5e53013692568cf69da8e8b302fff929fe2fbc9aec1a4651fd7997e2c7a4025,1892,ignore with reason,not planned,not planned,provenance/upstream/pstack-0.15.9.tar.gz,Historical source preserved in provenance archive only; not a supported native runtime capability.
pstack/automations/benny/templates/configuration.example.yaml,100644,8616f5fcced0ac57964467dd537a6ba80560a271,13e24b4ce9b9a0913916e85fe3b080b88d45f8e55dccfe8ae38e0751a997b6f5,2424,ignore with reason,not planned,not planned,provenance/upstream/pstack-0.15.9.tar.gz,Historical source preserved in provenance archive only; not a supported native runtime capability.
pstack/automations/benny/templates/reproduce-automation-prompt.md,100644,5c66c922d69f7323d0c78461480baaf45d7b1284,71ec574f1844e379394ae4ef14c48d7df10afbaa319d395c788d7f856f0e6899,1822,ignore with reason,not planned,not planned,provenance/upstream/pstack-0.15.9.tar.gz,Historical source preserved in provenance archive only; not a supported native runtime capability.
pstack/automations/benny/templates/triage-automation-prompt.md,100644,939e5e15c09f57d17cee00c9ed58b3679a268e0f,e0bba594547834f013ec805915610eb597e7929efe3ffbe85ae00339ee16d474,1569,ignore with reason,not planned,not planned,provenance/upstream/pstack-0.15.9.tar.gz,Historical source preserved in provenance archive only; not a supported native runtime capability.
pstack/docs/guide/01-setup.md,100644,1e602f61c81eb1902150b849682b92b8e583fa7c,bbac20e25fb097029e2676ecf3212f4a72f566eaf2b1031b56317aa1e4fdf490,2955,port with adaptation,0.2,present,docs/pstack/guide/01-setup.md,Canonical native consolidation; original bytes preserved in the upstream provenance archive.
pstack/docs/guide/02-poteto-mode.md,100644,403cbe8cc9dbc5204c6f9399abcced228f8e76f7,379a1b2c9cd2ba54032b2b142563328d0f3d65039f067863d19b1d4c008737f5,4728,port with adaptation,0.2,present,docs/pstack/guide/02-poteto-mode.md,Canonical native consolidation; original bytes preserved in the upstream provenance archive.
pstack/docs/guide/03-understand.md,100644,af985988c2ac9babbabf6e9b4447c2f22a346ee7,16f3fe0f7df092a5c69dac90971ef57e63a8a9ae926eed851285c7bfddc0f3fd,3516,port with adaptation,0.2,present,docs/pstack/guide/03-understand.md,Canonical native consolidation; original bytes preserved in the upstream provenance archive.
pstack/docs/guide/04-design.md,100644,681d39cff22438b4feb3d40a8d97017af026bc3d,21e820ff73c0b70682aa570a967ede446b4d7caf62e8f391d0dd733ccb74874c,4866,port with adaptation,0.2,present,docs/pstack/guide/04-design.md,Canonical native consolidation; original bytes preserved in the upstream provenance archive.
pstack/docs/guide/05-build-and-clean.md,100644,c38bc44a39fe5e6ace2cd228f631c7eb57ecccf3,6bd421b43a3cf9fec3cd201fd40ce65fd8c657264eac48b0c9a175b6afd7c252,4763,port with adaptation,0.2,present,docs/pstack/guide/05-build-and-clean.md,Canonical native consolidation; original bytes preserved in the upstream provenance archive.
pstack/docs/guide/06-verify-and-ship.md,100644,d96c76612c647bfd33270d510440991946c508ed,c93cd50c0359ce875a82b3f7d64eab102a4b0815dbbecdb8e0e5e910bd2d18e9,6000,port with adaptation,0.2,present,docs/pstack/guide/06-verify-and-ship.md,Canonical native consolidation; original bytes preserved in the upstream provenance archive.
pstack/docs/guide/07-overnight.md,100644,9ff66b7706041179ff3661213939a961eb196212,5033d61e8b4b6fb0b2304b2132f26bf0b6aee685aa4ed53a76a73cf0ac1c3557,5447,port with adaptation,0.2,present,docs/pstack/guide/07-overnight.md,Canonical native consolidation; original bytes preserved in the upstream provenance archive.
pstack/docs/guide/08-principles.md,100644,283a5e66b99917c12ca88f8c3e3e70ad69342062,a103e293dd6d9513f425feac39547f0c2c049300f36704d80b6d49c958e5a4bb,5427,port with adaptation,0.2,present,docs/pstack/guide/08-principles.md,Canonical native consolidation; original bytes preserved in the upstream provenance archive.
pstack/docs/guide/09-make-it-yours.md,100644,6723069b5108f586575fe5353272ee6567a49b02,b98588a232a38ca7acebbeecb95ac771df1981aed662dcb45c96b4b66ed20ec0,4641,port with adaptation,0.2,present,docs/pstack/guide/09-make-it-yours.md,Canonical native consolidation; original bytes preserved in the upstream provenance archive.
pstack/docs/guide/10-recipes-and-pitfalls.md,100644,da0af5e6f7984d24818ef1cd28f518d0014da788,a4662cd98870f08c6abe117a832abe37670ee84f8ed25dcbe7e99ef4eb8e05e0,4598,port with adaptation,0.2,present,docs/pstack/guide/10-recipes-and-pitfalls.md,Canonical native consolidation; original bytes preserved in the upstream provenance archive.
pstack/docs/guide/README.md,100644,564eee1d5b43729d57caca4fddcef45d3dffdef5,125f870a93bf830d45bda187f585cec4508cc9ca5121271af58adbe937bbe54f,2011,port with adaptation,0.2,present,docs/pstack/guide/README.md,Canonical native consolidation; original bytes preserved in the upstream provenance archive.
pstack/docs/guide/images/design.jpg,100644,f86909437f8b5a83da3cba7bc35a018c9d4887c8,b8ed07427f6a0c37dd8ba97961fc0eb5071efeee6c4a230648bdb7547f6f2a8f,402373,port verbatim,0.2,present,docs/pstack/guide/images/design.jpg,Canonical native consolidation; original bytes preserved in the upstream provenance archive.
pstack/docs/guide/images/overnight.jpg,100644,d64e1c63066c9f088da909160f5e136049e9a512,4b4405e4df8925c5b3abbe702f681af0f3b1f5f32271b599f95717f578f1a0c8,347071,port verbatim,0.2,present,docs/pstack/guide/images/overnight.jpg,Canonical native consolidation; original bytes preserved in the upstream provenance archive.
pstack/docs/guide/images/recipes.jpg,100644,69fe992fdb9fb8e7baacc144ea140f9c93b262fb,9fa2d51b476635712737795ddef81806efaa0086bb3bfa9f9f45695d9ab0f8e8,410550,port verbatim,0.2,present,docs/pstack/guide/images/recipes.jpg,Canonical native consolidation; original bytes preserved in the upstream provenance archive.
pstack/docs/guide/images/router.jpg,100644,c8fba6a266505caf406d5185d7a4cc6e34be98a4,525843055a4efd2b10acc50a8652fd02b0834ea733a8a2f895c1eb89036017da,450945,port verbatim,0.2,present,docs/pstack/guide/images/router.jpg,Canonical native consolidation; original bytes preserved in the upstream provenance archive.
pstack/docs/guide/images/understanding.jpg,100644,bb1b1ac15dd11da9ad047d203049a1a24abb2b46,b60587e9a9bbe2550e93be9819cf0cd4acf77d90fac769a0c43d82bd8e34e279,376523,port verbatim,0.2,present,docs/pstack/guide/images/understanding.jpg,Canonical native consolidation; original bytes preserved in the upstream provenance archive.
pstack/docs/guide/images/verification.jpg,100644,a252ae0b5e14cb6fcef2e3b806bbd66316242446,2a76b52007a1cd2866ba67fd47d7d9ef3e1118bb5a09c4665eee8c3f161bd09a,331450,port verbatim,0.2,present,docs/pstack/guide/images/verification.jpg,Canonical native consolidation; original bytes preserved in the upstream provenance archive.
pstack/skills/architect/SKILL.md,100644,2bd58a7d46f1899f107f3c502f6ddcfbd6717f99,741901140ee382ebf93263a7ed03c6ee3719e578416d81afcd195876fa16c496,5675,port with adaptation,0.2,present,plugin/skills/architect/SKILL.md,Canonical native consolidation; original bytes preserved in the upstream provenance archive.
pstack/skills/architect/references/design-red-flags.md,100644,f8503c9595b289c607ff5088f82b21197edf94ec,d0e639e4cc588ec865f930d3a4111faad60987ae36925917e319d7ceca7c69ce,3009,port verbatim,0.2,present,plugin/skills/architect/references/design-red-flags.md,Canonical native consolidation; original bytes preserved in the upstream provenance archive.
pstack/skills/architect/references/rationale-template.md,100644,a10f77f59510c532cd909faaf3bfeee5ffbfd588,0cedfccdc7b47fc881febd5a8293eecbc542c20f8df825639904a8102d2eb5d3,3050,port verbatim,0.2,present,plugin/skills/architect/references/rationale-template.md,Canonical native consolidation; original bytes preserved in the upstream provenance archive.
pstack/skills/architect/references/runner-prompt.md,100644,580ec47a5df4259a6a9ace5c452e33092053bb90,983bf2820cc14ed8ecab6e448e1033e5cfe6031967d0a9287b48c7fa9c33d925,3087,port verbatim,0.2,present,plugin/skills/architect/references/runner-prompt.md,Canonical native consolidation; original bytes preserved in the upstream provenance archive.
pstack/skills/arena/SKILL.md,100644,e50356e2f97608dbb48d9c1cd75af6d70b3f7059,e3a1f6c49a08b7e0b92134e53300d146f1f22ba83386d2019926e736df421851,4973,port with adaptation,0.2,present,plugin/skills/arena/SKILL.md,Canonical native consolidation; original bytes preserved in the upstream provenance archive.
pstack/skills/automate-me/SKILL.md,100644,cd3636e9a53c7c782cf15254204dccfc854086b5,1510979b0b71b54284427a19c09918f8b1fdfc168f9b7f9e30098793a5ec88ef,7164,port with adaptation,0.2,present,plugin/skills/automate-me/SKILL.md,Canonical native consolidation; original bytes preserved in the upstream provenance archive.
pstack/skills/benchmark-checklist/SKILL.md,100644,c02adb78929d0c1218fba554a31c423d65deb24d,6a767e788a60428fa14e645ee10fe2e49896e514ff654f668b1d824deb9038e8,5409,port with adaptation,0.2,present,plugin/skills/benchmark-checklist/SKILL.md,Canonical native consolidation; original bytes preserved in the upstream provenance archive.
pstack/skills/blast-radius/SKILL.md,100644,1713b283d477530be64e925ede2bdbe5ce2d6e31,5f02db9101ccf26c20254718f0fcd5c2c7ac5d4292b0e0923d0944ac47237aff,3851,port with adaptation,0.2,present,plugin/skills/blast-radius/SKILL.md,Canonical native consolidation; original bytes preserved in the upstream provenance archive.
pstack/skills/bro/SKILL.md,100644,b1701b778639c08bfc306291d70170c525c66a68,aa329d0ceeeecb6822a7174ad76bb07a7826a3c52ceb6a588dec4138815084bb,267,port with adaptation,0.2,present,plugin/skills/bro/SKILL.md,Canonical native consolidation; original bytes preserved in the upstream provenance archive.
pstack/skills/correct/SKILL.md,100644,c09f486e32935a154dd98daa13aa8187856600fe,bf482bacc972b3f124a4af8bf9364b4b3e280cb5845e44c326ea4f4565e5c904,2445,port with adaptation,0.2,present,plugin/skills/correct/SKILL.md,Canonical native consolidation; original bytes preserved in the upstream provenance archive.
pstack/skills/create-verification-skill/SKILL.md,100644,f869e26122991252373d5b8f6357e5b9ff195a00,644f2551403c1bca01a2855b34611b6e7be0ce0dc5b204514c376c0f6a6e6ac4,5879,port with adaptation,0.2,present,plugin/skills/create-verification-skill/SKILL.md,Canonical native consolidation; original bytes preserved in the upstream provenance archive.
pstack/skills/create-verification-skill/references/feature-map-example/README.md,100644,fb64570cfab3bbe672fe80925651933ebd57aa33,cb7bd782cf89968a4ba3d58a5151db837430db92d19a6f52a906973b77b516ba,2601,port verbatim,0.2,present,plugin/skills/create-verification-skill/references/feature-map-example/README.md,Canonical native consolidation; original bytes preserved in the upstream provenance archive.
pstack/skills/create-verification-skill/references/feature-map-example/create-note.md,100644,21357566b69223a503d6780a04fb90ce540eae22,644a44c74f35d38c2feb7cd05a0121fdebbb623e8dc376c185b565a581d1ccf7,2926,port verbatim,0.2,present,plugin/skills/create-verification-skill/references/feature-map-example/create-note.md,Canonical native consolidation; original bytes preserved in the upstream provenance archive.
pstack/skills/create-verification-skill/references/feature-map-example/search.md,100644,1f8e57d3aaf19cf27a9464d55fa72e46bcbc8b0f,6e87b9e7f2791a7776ba1bb83f371cd285c306c67f19d245cc4dd6ca3015c823,3478,port verbatim,0.2,present,plugin/skills/create-verification-skill/references/feature-map-example/search.md,Canonical native consolidation; original bytes preserved in the upstream provenance archive.
pstack/skills/figure-it-out/SKILL.md,100644,fbf3fb122cab127d71d3c41e84711e61cc5dec4c,0eb9485f0e7d84fee56b5d0f0af0faf4635e3ca87c8cba3970c01293b76ecc19,4059,port with adaptation,0.2,present,plugin/skills/figure-it-out/SKILL.md,Canonical native consolidation; original bytes preserved in the upstream provenance archive.
pstack/skills/how/SKILL.md,100644,cd22fff659f14822ad2f485f711a355b6da0668d,d31805589c7f6a63a6db6c9fadebbd79fb9660682cf1654e9b2e5e1e7cd30bc0,3077,port with adaptation,0.2,present,plugin/skills/how/SKILL.md,Canonical native consolidation; original bytes preserved in the upstream provenance archive.
pstack/skills/how/references/explainer-prompt.md,100644,3a36fb6736c5b74ac2774350841e332a019dec94,ddb89cebefc24e2b54517a331aedfe045b6971e101f45c71b8cef4cccff45bff,3085,port verbatim,0.2,present,plugin/skills/how/references/explainer-prompt.md,Canonical native consolidation; original bytes preserved in the upstream provenance archive.
pstack/skills/how/references/explorer-prompt.md,100644,9b4b0594bfd779015616e9d280369aba939583b4,a3b44a6e5bb16a6d4d1cac19db8ed5322ffd5f5f5d45baca4e73990ca096f8be,2684,port verbatim,0.2,present,plugin/skills/how/references/explorer-prompt.md,Canonical native consolidation; original bytes preserved in the upstream provenance archive.
pstack/skills/interrogate/SKILL.md,100644,bd82e5b179f186e1cd7913dd112db9f8b07b4846,59d498c3e9848a24b2d105eb3f05b808aa4152adf4cb1de7bbb6aff4f4cd9b68,5054,port with adaptation,0.2,present,plugin/skills/interrogate/SKILL.md,Canonical native consolidation; original bytes preserved in the upstream provenance archive.
pstack/skills/interrogate/references/code-quality-review.md,100644,16581250d81044c7e80fe234c4970a3f7b7fc98a,79162fda183eafd40d51661fbb5e151c7ba250f89e506ba17f5bd135dcbd50a8,5217,port verbatim,0.2,present,plugin/skills/interrogate/references/code-quality-review.md,Canonical native consolidation; original bytes preserved in the upstream provenance archive.
pstack/skills/interrogate/references/lead-judgment.md,100644,5ce526097fdd3dfeaf4cd3b126a3f486c3ee36ae,6e5bdf5670eb34017692e9b6c546f36ac7552e6bb9f3f2f3429164fcc46a9361,3465,port verbatim,0.2,present,plugin/skills/interrogate/references/lead-judgment.md,Canonical native consolidation; original bytes preserved in the upstream provenance archive.
pstack/skills/interrogate/references/reviewer-prompt.md,100644,13a252b2c3cd18522d4c8dc39a7030477037b249,e0598e254792b56de39bb16b1e6db559b03a522fdc54b98f942d254090920ae6,2491,port verbatim,0.2,present,plugin/skills/interrogate/references/reviewer-prompt.md,Canonical native consolidation; original bytes preserved in the upstream provenance archive.
pstack/skills/interrogate/references/rubric.md,100644,2d92f1b83e13be03fb10f20cba12639a1406a2da,a85aa801abbaf14434f00579440abc0d8e2723227ba8bf57de7cca8d6e7d2f25,5025,port verbatim,0.2,present,plugin/skills/interrogate/references/rubric.md,Canonical native consolidation; original bytes preserved in the upstream provenance archive.
pstack/skills/maintain-verification-skill/SKILL.md,100644,a2680b91fead45a0b4963d8c367a854956bea59d,515c0eaa054b3f6be1b1fb06f2c2f173c80fddb58bbcac57576f89c479bc68e8,4922,port with adaptation,0.2,present,plugin/skills/maintain-verification-skill/SKILL.md,Canonical native consolidation; original bytes preserved in the upstream provenance archive.
pstack/skills/make-bot-ui/SKILL.md,100644,285df7569758a70e62e9f3596a1f829a5b6ba80e,3624c8ef16cf2e48deb2a4049e72c6962a9431c8d6c6af90e7bd7ea0375224ec,4649,port with adaptation,0.2,present,plugin/skills/make-bot-ui/SKILL.md,Canonical native consolidation; original bytes preserved in the upstream provenance archive.
pstack/skills/no-comments/SKILL.md,100644,3b3e76295a7ad66806dcc683e4de92fb25690f8b,5c5b0882297d704c3a9720c52b7a793c68b013eaf717989f0945624efdfe2b05,2560,port with adaptation,0.2,present,plugin/skills/no-comments/SKILL.md,Canonical native consolidation; original bytes preserved in the upstream provenance archive.
pstack/skills/poteto-mode/SKILL.md,100644,90bfebeecd3b8344eee39d08803a3e2a0f09e3c9,404c0ef4a78e93451b2ab555ca532e7197b5cf87de29205b6f7109dbee5d9c4d,20559,port with adaptation,0.2,present,plugin/skills/hugues-mode/SKILL.md,Canonical native consolidation; original bytes preserved in the upstream provenance archive.
pstack/skills/poteto-mode/playbooks/authoring-a-skill.md,100644,8c5a55a44f5e95bba92f652da0ac87e941c49538,f6a13a445c360b48d6cd72780ac01955f45b82826476efe0e67c7559329407aa,831,port verbatim,0.2,present,plugin/skills/hugues-mode/playbooks/authoring-a-skill.md,Canonical native consolidation; original bytes preserved in the upstream provenance archive.
pstack/skills/poteto-mode/playbooks/autonomous-run.md,100644,12c3a7d84effcacf3550cb893be67498d7b28a4a,15e54ad3ac92565613980772d8708de6e19cc4690bfd4bb3fb8836522407377b,1878,port with adaptation,0.2,present,plugin/skills/hugues-mode/playbooks/autonomous-run.md,Canonical native consolidation; original bytes preserved in the upstream provenance archive.
pstack/skills/poteto-mode/playbooks/autopilot-full.md,100644,d5a68c339e25ac016ffad9c51d858f0f6c37937a,05ca30a16242c19d0c78ba1e88cca66f858d75252cb154fd740099fe292de802,9431,port with adaptation,0.2,present,plugin/skills/hugues-mode/playbooks/autopilot-full.md,Canonical native consolidation; original bytes preserved in the upstream provenance archive.
pstack/skills/poteto-mode/playbooks/autopilot-stack.md,100644,750a7547235ae8eb340285684b9be7c36dff323a,007c0a3b12011954a224f54773ef4ad7b75918be0a311914c1b51ad4e794c1e5,5031,port with adaptation,0.2,present,plugin/skills/hugues-mode/playbooks/autopilot-stack.md,Canonical native consolidation; original bytes preserved in the upstream provenance archive.
pstack/skills/poteto-mode/playbooks/babysit.md,100644,683cf0ba889789cbe2d880fce667c75349f9ed12,a0346c37c2313f36a863b80f66ee7b98059c2242adf74fc7b3e48abdb9ec6f5a,8289,port verbatim,0.2,present,plugin/skills/hugues-mode/playbooks/babysit.md,Canonical native consolidation; original bytes preserved in the upstream provenance archive.
pstack/skills/poteto-mode/playbooks/bug-fix.md,100644,eeebc42b7477d435d8ac61d631d84822f908f59c,018bbc146ae19145caa6c7e70591fee081b64447dda1c1c4b681c9974d928b13,2255,port verbatim,0.2,present,plugin/skills/hugues-mode/playbooks/bug-fix.md,Canonical native consolidation; original bytes preserved in the upstream provenance archive.
pstack/skills/poteto-mode/playbooks/eval.md,100644,3dae34e2ef0cbdd9bafa5ab372da5ea143d48452,b862bfa2fae2399abf047a8e80d3e3dddb64003af96fb1cebb625216131e36bb,2524,port verbatim,0.2,present,plugin/skills/hugues-mode/playbooks/eval.md,Canonical native consolidation; original bytes preserved in the upstream provenance archive.
pstack/skills/poteto-mode/playbooks/feature.md,100644,79a6bbbe0ce61c3b5ef9af1ee8e3ccdb0557edc6,3a62cc4a8cbcf144bb9dd05f05420a15be0d38b784d3b141bb730a5852f50a62,2766,port verbatim,0.2,present,plugin/skills/hugues-mode/playbooks/feature.md,Canonical native consolidation; original bytes preserved in the upstream provenance archive.
pstack/skills/poteto-mode/playbooks/hillclimb.md,100644,c6441b92d30a71489d88eae5bfa8dc457da55cb1,244f289898fe67a458065e90fe8217c916c5acf61cdee8975ade3f9831a12e91,4403,port verbatim,0.2,present,plugin/skills/hugues-mode/playbooks/hillclimb.md,Canonical native consolidation; original bytes preserved in the upstream provenance archive.
pstack/skills/poteto-mode/playbooks/investigation.md,100644,cd119f04f23e0b7acb3f8cc5ba13ce4ab7aa6c7d,dc66bcf6af3a074fc7f67aa5e12b93ef571a4fb4d8e17f2f1af5ae5359f42e46,928,port verbatim,0.2,present,plugin/skills/hugues-mode/playbooks/investigation.md,Canonical native consolidation; original bytes preserved in the upstream provenance archive.
pstack/skills/poteto-mode/playbooks/multi-phase-plan.md,100644,f8ed78a6533cc5d738d3a3ec106bf2577d3f98ca,27d310e3fc3937a60b8fcbe1318f9d249a7477a722907bf85b3e4eb3dc436b11,12977,port with adaptation,0.2,present,plugin/skills/hugues-mode/playbooks/multi-phase-plan.md,Canonical native consolidation; original bytes preserved in the upstream provenance archive.
pstack/skills/poteto-mode/playbooks/opening-a-pr.md,100644,4e25989729174580e48ce36e265f298231c6de7f,ab40de7163c1c6e274f46ee559b2e53ef45673703f601f13f4931c199e6fb90f,6142,port with adaptation,0.2,present,plugin/skills/hugues-mode/playbooks/opening-a-pr.md,Canonical native consolidation; original bytes preserved in the upstream provenance archive.
pstack/skills/poteto-mode/playbooks/orchestrate.md,100644,d5b6d008026ff0177f52e22a6fb4b2edae5c87e2,d42b4375f1bd4ce23da0b575a198571a2117df7eea10c3c9fc6d92ae1053f7be,16779,port verbatim,0.2,present,plugin/skills/hugues-mode/playbooks/orchestrate.md,Canonical native consolidation; original bytes preserved in the upstream provenance archive.
pstack/skills/poteto-mode/playbooks/pause-safely.md,100644,9d1c5f8303976fff40de099f7f28185909430c11,77968cfe5f4a71a8cd33e0ae8ffcdbd88dd693a212c240457773e6c40c96c21d,1135,port verbatim,0.2,present,plugin/skills/hugues-mode/playbooks/pause-safely.md,Canonical native consolidation; original bytes preserved in the upstream provenance archive.
pstack/skills/poteto-mode/playbooks/perf-issue.md,100644,405c7a4362bedbd4194a5ef234553adf0dff78c9,2b88ad0f880e4d4d755ac19fe52414d6631d6baa816d060f53cf0a7429d7e14a,1446,port verbatim,0.2,present,plugin/skills/hugues-mode/playbooks/perf-issue.md,Canonical native consolidation; original bytes preserved in the upstream provenance archive.
pstack/skills/poteto-mode/playbooks/prototype.md,100644,18bedc7e9249d180f9198d5b4b13e3817d41d281,7aa1f52c691c3d46d5afc527b23f90977fce869ce33573c73c81a4c7f0cde962,2161,port verbatim,0.2,present,plugin/skills/hugues-mode/playbooks/prototype.md,Canonical native consolidation; original bytes preserved in the upstream provenance archive.
pstack/skills/poteto-mode/playbooks/refactoring.md,100644,df2a863b531906c64f92b9f9d8feb62f8c7a8665,50f4f7d3d301551f8b8a57c3303c99958c5ca630ae0d0051823b6987c0eb5b96,3211,port verbatim,0.2,present,plugin/skills/hugues-mode/playbooks/refactoring.md,Canonical native consolidation; original bytes preserved in the upstream provenance archive.
pstack/skills/poteto-mode/playbooks/runtime-forensics.md,100644,ba659bfe1c4c2f956f3285974bfdc941120f9948,594f02c40c243a346e1f57b688ecf2ed5e882f21b3d24ed2204d1ac6f1c24a8a,1210,port verbatim,0.2,present,plugin/skills/hugues-mode/playbooks/runtime-forensics.md,Canonical native consolidation; original bytes preserved in the upstream provenance archive.
pstack/skills/poteto-mode/playbooks/session-pickup.md,100644,9b2ed06e0ff8b01bf03b7a0d6a4cbb8ba3a46720,1604fb463f7c7410d43fa024ca76c1c1824c166a01fd69d61f073d06fdca2a47,1678,port verbatim,0.2,present,plugin/skills/hugues-mode/playbooks/session-pickup.md,Canonical native consolidation; original bytes preserved in the upstream provenance archive.
pstack/skills/poteto-mode/playbooks/shipping.md,100644,0f1d41f189222b991734015926a3b22607e1b92f,19f3f6803a7bbe9ff04f624b03e3b55f07ac0a05e991aa00d5fe51239b920b2a,5439,port verbatim,0.2,present,plugin/skills/hugues-mode/playbooks/shipping.md,Canonical native consolidation; original bytes preserved in the upstream provenance archive.
pstack/skills/poteto-mode/playbooks/trace-forensics.md,100644,48ed6b2f690215027eda96a1897ed98212bbd07a,137ce3984fb96e45971fdff4d3c79fa4ccc647c5b30ae4945783b9fb23f8cec7,1865,port verbatim,0.2,present,plugin/skills/hugues-mode/playbooks/trace-forensics.md,Canonical native consolidation; original bytes preserved in the upstream provenance archive.
pstack/skills/poteto-mode/playbooks/visual-parity.md,100644,248830ec74a593fc22143a842026388f92f1b9f4,950ca51999a6454c98eee6bcbc3d1bbe501a4e3a5d5439b6f6ddc378991b256c,1197,port verbatim,0.2,present,plugin/skills/hugues-mode/playbooks/visual-parity.md,Canonical native consolidation; original bytes preserved in the upstream provenance archive.
pstack/skills/poteto-mode/playbooks/worktree-cleanup.md,100644,39c9ef9f368ac63b0e4245503302a4c174e846d6,fc464dc4121926df1704f483c5feca83717c0a40b4651d3e11bd3aedd89441b6,2932,port with adaptation,0.2,present,plugin/skills/hugues-mode/playbooks/worktree-cleanup.md,Canonical native consolidation; original bytes preserved in the upstream provenance archive.
pstack/skills/poteto-mode/references/bugbot-triage.md,100644,b2fc7d35712783707607cf2f39752885c8d5105c,b2d146c770d8d3593e1ef3d77b668039b8e1f78093ea1a86f1d45d7f99614309,9629,port verbatim,0.2,present,plugin/skills/hugues-mode/references/bugbot-triage.md,Canonical native consolidation; original bytes preserved in the upstream provenance archive.
pstack/skills/poteto-mode/scripts/bootstrap.ts,100644,d9c63e2007449a80000abe75ecaf7f2a0bd5826b,ccd2ed08fd9da9d0d942e5f2491cfc74bb92d8a08fa51755e0da1ac8de287361,1737,port verbatim,0.2,present,plugin/skills/hugues-mode/scripts/bootstrap.ts,Canonical native consolidation; original bytes preserved in the upstream provenance archive.
pstack/skills/poteto-mode/scripts/bun.lock,100644,65f0c662f300a0f72b319ca93ea18f56219c2581,667d9cf7222e9aae3fa42a4be383e657784216e9df115da02227fbc5ac7bbe46,6679,port verbatim,0.2,present,plugin/skills/hugues-mode/scripts/bun.lock,Canonical native consolidation; original bytes preserved in the upstream provenance archive.
pstack/skills/poteto-mode/scripts/check-plan.mjs,100755,d242f28eb801e781ccc2f2ba93b700b263a77816,4f9432d9989880b6afc2bdda503d5b12a9d07d357ecf31936b7ab5e83bc80523,7594,port with adaptation,0.2,present,plugin/skills/hugues-mode/scripts/check-plan.mjs,Retain the plan evidence gate and accept bound native workflow rereads after plan translation; exact original helper remains in the upstream provenance archive.
pstack/skills/poteto-mode/scripts/orch/orch.test.ts,100644,9c234de724991083b4644e906a5f1358f8ef8dcc,174b86d21ff51ccd28d1a8c938cb2e0c6fa287b209d4ca6c03932fcb1b53372e,18424,port verbatim,0.2,present,plugin/skills/hugues-mode/scripts/orch/orch.test.ts,Canonical native consolidation; original bytes preserved in the upstream provenance archive.
pstack/skills/poteto-mode/scripts/orch/orch.ts,100755,219ac17bd8805b45140eca7c429834be9ded1b7d,f091687df627a0b75fabd54af58945a9cd6c7039ef0622012ac9ed60cd8ec434,15511,port verbatim,0.2,present,plugin/skills/hugues-mode/scripts/orch/orch.ts,Canonical native consolidation; original bytes preserved in the upstream provenance archive.
pstack/skills/poteto-mode/scripts/orch/store.ts,100644,5e6c602fb670a6b5598977f5bf85d717cf797ef7,0eae7cf69282e827b1227166f2e32cee3560f2f3e65b3f1f2faf6fb83d3b4c5b,42927,port verbatim,0.2,present,plugin/skills/hugues-mode/scripts/orch/store.ts,Canonical native consolidation; original bytes preserved in the upstream provenance archive.
pstack/skills/poteto-mode/scripts/package.json,100644,8a3dfe27c2d0221a786e1ce61963d51c55260725,d1f815091209d49763775cc188e8e06ff32d5fec648bffd2272bc25a165e87c3,352,port verbatim,0.2,present,plugin/skills/hugues-mode/scripts/package.json,Canonical native consolidation; original bytes preserved in the upstream provenance archive.
pstack/skills/poteto-mode/scripts/watch-pr/cli.test.ts,100644,0656b413e6c180858ca42981105944c45caf9dca,a35592b4c6da96caf8d47987e9cd503fab6c7774ab87d11a43f24b4b5df2a9d1,6161,port verbatim,0.2,present,plugin/skills/hugues-mode/scripts/watch-pr/cli.test.ts,Canonical native consolidation; original bytes preserved in the upstream provenance archive.
pstack/skills/poteto-mode/scripts/watch-pr/cli.ts,100644,ec8a2f27c5ac24866b699e6395e7d1f32e595068,89c08863089181a232be782c4b2ed90a1552f44aeecb0dcb7aac2c623620e680,6983,port verbatim,0.2,present,plugin/skills/hugues-mode/scripts/watch-pr/cli.ts,Canonical native consolidation; original bytes preserved in the upstream provenance archive.
pstack/skills/poteto-mode/scripts/watch-pr/fakes.test-helper.ts,100644,2312522cd7399334115a5f39fd6438aab7fc5aa5,e53e31b7f03068063f53a99a3591b052aaed66e4e2b196b3a364980f60324ab1,2944,port verbatim,0.2,present,plugin/skills/hugues-mode/scripts/watch-pr/fakes.test-helper.ts,Canonical native consolidation; original bytes preserved in the upstream provenance archive.
pstack/skills/poteto-mode/scripts/watch-pr/github.test.ts,100644,87f4048f08a63a54975c4ef2de8065375e751683,0cbce011050522938523e36bb42a260e92b812dcd2076930fa681672ad316b24,9059,port verbatim,0.2,present,plugin/skills/hugues-mode/scripts/watch-pr/github.test.ts,Canonical native consolidation; original bytes preserved in the upstream provenance archive.
pstack/skills/poteto-mode/scripts/watch-pr/github.ts,100644,79bc06fb682c5d99de7d48338b0a6ecd27a518da,d1bbbafbe8e2c703c84da2029de7f2c4011412512f8cf65a42100f46bcb92c8a,24072,port verbatim,0.2,present,plugin/skills/hugues-mode/scripts/watch-pr/github.ts,Canonical native consolidation; original bytes preserved in the upstream provenance archive.
pstack/skills/poteto-mode/scripts/watch-pr/policy.test.ts,100644,0620ddedde46da8e763ab2a55ebceaad2aa6d0a7,a9fedb25feefd1f57ef6a662f80c99018690170a3a8070773a08eaf694d1d3d9,12397,port verbatim,0.2,present,plugin/skills/hugues-mode/scripts/watch-pr/policy.test.ts,Canonical native consolidation; original bytes preserved in the upstream provenance archive.
pstack/skills/poteto-mode/scripts/watch-pr/policy.ts,100644,4665be37e8f9afff1c9e1f5dd60d98e0d70c8c6c,68d240505852cf23c9b2dea463342e9e61243f486b3cc86c735d140f9ee7be49,25132,port verbatim,0.2,present,plugin/skills/hugues-mode/scripts/watch-pr/policy.ts,Canonical native consolidation; original bytes preserved in the upstream provenance archive.
pstack/skills/poteto-mode/scripts/watch-pr/render.ts,100644,0e935839357335f24ab1bbc193d761495646ea99,2b709e86628d5b8fdb61f860e60ababc342b0626c67576305442cf548283a604,7083,port verbatim,0.2,present,plugin/skills/hugues-mode/scripts/watch-pr/render.ts,Canonical native consolidation; original bytes preserved in the upstream provenance archive.
pstack/skills/poteto-mode/scripts/watch-pr/tsconfig.json,100644,477af90b05cbd24fcf974fd73cf331d5ac7379cc,1ecccc72320b086c63ce3f73c959896fd747363e63553b3b1136296ea4069e45,270,port verbatim,0.2,present,plugin/skills/hugues-mode/scripts/watch-pr/tsconfig.json,Canonical native consolidation; original bytes preserved in the upstream provenance archive.
pstack/skills/poteto-mode/scripts/watch-pr/types.compile.ts,100644,1b53279c7f3e5da55703ed17d6ad0616254c5751,621af4c9a664fbf699a9737efccdc248abb416df8819c9dc5f824beae2b9b1d6,2258,port verbatim,0.2,present,plugin/skills/hugues-mode/scripts/watch-pr/types.compile.ts,Canonical native consolidation; original bytes preserved in the upstream provenance archive.
pstack/skills/poteto-mode/scripts/watch-pr/types.ts,100644,b67144e0d757e0b61ff079f981ced0a98555ea9d,64ba6221e3bfe61bbb292337d199cdec6309455477280efb060203dba34e0e91,12359,port verbatim,0.2,present,plugin/skills/hugues-mode/scripts/watch-pr/types.ts,Canonical native consolidation; original bytes preserved in the upstream provenance archive.
pstack/skills/poteto-mode/scripts/watch-pr/watch-pr,100755,99807d577c3b006cfe6ee9e149cf2914bfd4afd6,d955603be6cc0e8b8ffcec722f635192b2261410b1f2929abea94480e47eb5d4,211,port verbatim,0.2,present,plugin/skills/hugues-mode/scripts/watch-pr/watch-pr,Canonical native consolidation; original bytes preserved in the upstream provenance archive.
pstack/skills/poteto-mode/scripts/worktree-audit.sh,100755,b9af08160032aeb17143248f2a3648e98f5a75b3,95b8530f3c0ccada8cabc4b0727c052fbc85c141531375aaace65c427af8aecc,3984,ignore with reason,0.2,not planned,provenance/upstream/pstack-0.15.9.tar.gz,Historical source preserved in provenance archive only; not a supported native runtime capability.
pstack/skills/principle-attack-the-premise/SKILL.md,100644,f9785ff9fdcf37d1c689e4468da7d611f3b76d4b,c87bd7536f772f8a403ad8155535ee17a1bbec9a353156693eb3bb1520c87ae3,1941,port verbatim,0.2,present,plugin/skills/principle-attack-the-premise/SKILL.md,Canonical native consolidation; original bytes preserved in the upstream provenance archive.
pstack/skills/principle-boundary-discipline/SKILL.md,100644,dfe9a6fb0e5acd6ae43a41437ee0951adfe839cb,62ac2862c2caa22dd14531f51c9c6bb445ceb198ca98a687e25b4d47c1f10a28,1883,port verbatim,0.2,present,plugin/skills/principle-boundary-discipline/SKILL.md,Canonical native consolidation; original bytes preserved in the upstream provenance archive.
pstack/skills/principle-build-the-lever/SKILL.md,100644,277189a10b00fddc7cbb63fcf2323c7341abb0df,458b269eab8e95a1573276955312f7d2a13ae8599879a9efc748248f6bc34b56,2458,port verbatim,0.2,present,plugin/skills/principle-build-the-lever/SKILL.md,Canonical native consolidation; original bytes preserved in the upstream provenance archive.
pstack/skills/principle-encode-lessons-in-structure/SKILL.md,100644,df9cd5ff2fb3c18267349cc6aecd8121848ef834,77044c83a9ac6df78fc643887ea5f1f11f082adaf14b717c060cdaed03cce863,2211,port verbatim,0.2,present,plugin/skills/principle-encode-lessons-in-structure/SKILL.md,Canonical native consolidation; original bytes preserved in the upstream provenance archive.
pstack/skills/principle-exhaust-the-design-space/SKILL.md,100644,85dd16f1312f3427e2dddcfc8e7deb89e2555bb3,8583310d7297b7823d75494faa57b003564d436807febecdecbd8321abe5cf6e,1152,port verbatim,0.2,present,plugin/skills/principle-exhaust-the-design-space/SKILL.md,Canonical native consolidation; original bytes preserved in the upstream provenance archive.
pstack/skills/principle-experience-first/SKILL.md,100644,5ea51741302cf3af4cc0b90ec70815bd3208dbf2,58903529d733b1c1a7c9ccf127d45ef3c7d0d9f0b81164a4dc6b80efe6f2912b,1184,port verbatim,0.2,present,plugin/skills/principle-experience-first/SKILL.md,Canonical native consolidation; original bytes preserved in the upstream provenance archive.
pstack/skills/principle-explain-the-number/SKILL.md,100644,9c22351d1fbe1ffcf277e61aef9fdb7816306fa7,5aac99e7ce0bb1b37e2579acf4fe88c32a1456d9d46afd4a57cfe1df9092e89c,2109,port verbatim,0.2,present,plugin/skills/principle-explain-the-number/SKILL.md,Canonical native consolidation; original bytes preserved in the upstream provenance archive.
pstack/skills/principle-fix-root-causes/SKILL.md,100644,7e5a419aeec97b4076fa517865013677428a9fa3,ba4cd38da1dcc8fe5432feb64457cba95594736a9b21b2ebf8f8c52aee068707,1246,port verbatim,0.2,present,plugin/skills/principle-fix-root-causes/SKILL.md,Canonical native consolidation; original bytes preserved in the upstream provenance archive.
pstack/skills/principle-foundational-thinking/SKILL.md,100644,19cc6c0eaa6fcbc2863fb73d1d25ca196c6a46e0,864b827e8199d946ce58beca0f89c4ed4099ed6e426fb698a3aaa45de2a9eea2,1530,port verbatim,0.2,present,plugin/skills/principle-foundational-thinking/SKILL.md,Canonical native consolidation; original bytes preserved in the upstream provenance archive.
pstack/skills/principle-guard-the-context-window/SKILL.md,100644,c4db544909b26981c45eed9caa6591d32885f841,d2cef147862576e3d709b7afc149d85196245e8338b9c7eef337c95fba412b3e,939,port verbatim,0.2,present,plugin/skills/principle-guard-the-context-window/SKILL.md,Canonical native consolidation; original bytes preserved in the upstream provenance archive.
pstack/skills/principle-laziness-protocol/SKILL.md,100644,e5bc77e62aa96ae13e482a84df61b3c711c5d828,9006579e9e3f33955d17569733db688ae65f22577dc3b21803d219a5a8445aff,1371,port verbatim,0.2,present,plugin/skills/principle-laziness-protocol/SKILL.md,Canonical native consolidation; original bytes preserved in the upstream provenance archive.
pstack/skills/principle-make-operations-idempotent/SKILL.md,100644,a0834247ca99b09c11441747717a8034d4c22d7c,540738217c3da7bf513b9886924ad6a2bc77e58be867f5bd2e1831c74bf2ce70,1390,port verbatim,0.2,present,plugin/skills/principle-make-operations-idempotent/SKILL.md,Canonical native consolidation; original bytes preserved in the upstream provenance archive.
pstack/skills/principle-migrate-callers-then-delete-legacy-apis/SKILL.md,100644,06c7cfd87becc62d614d0af075b792f8ec6eb21d,09978915a4a11990cf0a9a02d9c08cc59e0b7a04c5c24b83aa560fbe4146f75b,1146,port verbatim,0.2,present,plugin/skills/principle-migrate-callers-then-delete-legacy-apis/SKILL.md,Canonical native consolidation; original bytes preserved in the upstream provenance archive.
pstack/skills/principle-minimize-reader-load/SKILL.md,100644,64541d963123e344078d82fd3977e857e76129df,42551c5dc74cd578163c148da552db3ff67d29b78600ef216bfd311fb828fe69,2095,port verbatim,0.2,present,plugin/skills/principle-minimize-reader-load/SKILL.md,Canonical native consolidation; original bytes preserved in the upstream provenance archive.
pstack/skills/principle-model-the-domain/SKILL.md,100644,e1d664a19243c90a84e5e7a816e9e05146c88720,bbadbb9a723fac3f76e782ae45665eb94058ec10993e4bae36d4dc6b0e4eac07,2082,port verbatim,0.2,present,plugin/skills/principle-model-the-domain/SKILL.md,Canonical native consolidation; original bytes preserved in the upstream provenance archive.
pstack/skills/principle-never-block-on-the-human/SKILL.md,100644,11f08b6ef1fd93a3b3e47c57eb84716dc9acbff9,f2764bb9338cbfc788c903cf4b9cd0a5f4042d3a04dd6d59cbd525d9beaadd0a,1172,port verbatim,0.2,present,plugin/skills/principle-never-block-on-the-human/SKILL.md,Canonical native consolidation; original bytes preserved in the upstream provenance archive.
pstack/skills/principle-outcome-oriented-execution/SKILL.md,100644,c49be0bc74783f0dee013101365ae09b2abb48a2,10eb91633aa570355ba4bb37088fcade2b22e498df7a58edc749e65bc5a78e2d,1078,port verbatim,0.2,present,plugin/skills/principle-outcome-oriented-execution/SKILL.md,Canonical native consolidation; original bytes preserved in the upstream provenance archive.
pstack/skills/principle-prove-it-works/SKILL.md,100644,5dc14a3b06f9d579e5c17cd8a7242f432ddb3125,ec79a15025bac8d33d62011c54f3b612733fd2a024e623b531b3637aa75070e2,1371,port verbatim,0.2,present,plugin/skills/principle-prove-it-works/SKILL.md,Canonical native consolidation; original bytes preserved in the upstream provenance archive.
pstack/skills/principle-redesign-from-first-principles/SKILL.md,100644,090a4325f43a96080cce3895f0e932b62c39146a,a1c7fd0a96b40e12a74bceb0e6bb20a9666dd844dcabfb624acb27da23b929fe,844,port verbatim,0.2,present,plugin/skills/principle-redesign-from-first-principles/SKILL.md,Canonical native consolidation; original bytes preserved in the upstream provenance archive.
pstack/skills/principle-separate-before-serializing-shared-state/SKILL.md,100644,ff93b4a2032c08e2232992a9a24f2891ee14e58f,05294b40448e927c5da1c7b6f5c6b9fed3744637e3833d2d948b9154a9dd00bb,1565,port verbatim,0.2,present,plugin/skills/principle-separate-before-serializing-shared-state/SKILL.md,Canonical native consolidation; original bytes preserved in the upstream provenance archive.
pstack/skills/principle-sequence-verifiable-units/SKILL.md,100644,986371260ebccd9a5a6818c9561e88c1d270d0ee,2ccbbacc56ace5afdfb8670cef19d7bd009fb2a0033b9a741cbdf2b6baf72187,1705,port verbatim,0.2,present,plugin/skills/principle-sequence-verifiable-units/SKILL.md,Canonical native consolidation; original bytes preserved in the upstream provenance archive.
pstack/skills/principle-subtract-before-you-add/SKILL.md,100644,d28770cf47a5798d0250a25ad494aedfecad154e,a983a50e732c1ed315eba7aaf47a61329e31c4794eb1ab9d25d9945265b31e03,1094,port verbatim,0.2,present,plugin/skills/principle-subtract-before-you-add/SKILL.md,Canonical native consolidation; original bytes preserved in the upstream provenance archive.
pstack/skills/principle-test-behavior-not-implementation/SKILL.md,100644,42de6f8f7cab01b9f67aa28bd59b128f7574fbab,87e40efe4e486f7ea639d2ed1fc0abe6c93b8fd0e89a81218086909d2470a52e,2575,port verbatim,0.2,present,plugin/skills/principle-test-behavior-not-implementation/SKILL.md,Canonical native consolidation; original bytes preserved in the upstream provenance archive.
pstack/skills/principle-type-system-discipline/SKILL.md,100644,6030f171bee0d1902cf7ca91f06225e09f0f5433,c83da8031ffb4c86410030d3e261f659598fca2b7d8158fd9dc269d70a3a025e,4922,port verbatim,0.2,present,plugin/skills/principle-type-system-discipline/SKILL.md,Canonical native consolidation; original bytes preserved in the upstream provenance archive.
pstack/skills/recall/SKILL.md,100644,a70062a3f89a8d68b3391bc71fc4c6cc2dfcf6a4,d265b0e5b6dc5b89c0407f3387d24462c988e1990a37d5359735137908128c5a,5212,port with adaptation,0.2,present,plugin/skills/recall/SKILL.md,Canonical native consolidation; original bytes preserved in the upstream provenance archive.
pstack/skills/reflect/SKILL.md,100644,cb270acc507aeaeab7c37db11fc8130cbb2f93f4,36efa48cc4ec2ba6f8131651aae24c6321682b098ed47a1069a7509462bf4a84,4982,port with adaptation,0.2,present,plugin/skills/reflect/SKILL.md,Canonical native consolidation; original bytes preserved in the upstream provenance archive.
pstack/skills/reflect/references/divergent-reviewer.md,100644,de95be3b9cc9c11052596249336dcc328473eb26,221dfc0abf7cbcd25e1da3cd87323f5d1050fc3bf652e096d093584e183c98fb,3889,port verbatim,0.2,present,plugin/skills/reflect/references/divergent-reviewer.md,Canonical native consolidation; original bytes preserved in the upstream provenance archive.
pstack/skills/reflect/references/judgment-reviewer.md,100644,222f02b1c3c6eb3e700fa09a71bad108807d3485,a40ecb9b28bd2a3491e11a541157fe58efe158e0eda7b61a5006c14590aabe61,3255,port verbatim,0.2,present,plugin/skills/reflect/references/judgment-reviewer.md,Canonical native consolidation; original bytes preserved in the upstream provenance archive.
pstack/skills/reflect/references/synthesizer.md,100644,d0e78195186c0dd6cfdc87ba19402ea8cd2aa385,2f76c847eb45b182dc6fbcbf7d96c8ee7e2986ecfd9e0d640fec44e3cc5a617c,4164,port verbatim,0.2,present,plugin/skills/reflect/references/synthesizer.md,Canonical native consolidation; original bytes preserved in the upstream provenance archive.
pstack/skills/reflect/references/tooling-reviewer.md,100644,a37e2009d6ef08f535df87e020e52426c6a5fa33,bc49ced90fa81eaba3083b88aeb430d900a6d8f14ff40c1d6b52263bacfc77b6,4609,port verbatim,0.2,present,plugin/skills/reflect/references/tooling-reviewer.md,Canonical native consolidation; original bytes preserved in the upstream provenance archive.
pstack/skills/setup-pstack/SKILL.md,100644,1009e73c6116c8f6c24b5870c8f0600ae144b631,125dd0c8f588782cfb271efae8f97a0719e43e79f56b3495c095f460bcee6389,5548,port with adaptation,0.2,present,plugin/skills/setup-huguesstack/SKILL.md,Canonical native consolidation; original bytes preserved in the upstream provenance archive.
pstack/skills/show-me-your-work/SKILL.md,100644,d350a150c36ca16382b4aa6d4196b39e67454ad1,bcff5f7f9fd23f92c12b251f9cd6b947e9485e1055cfacb6fdd9cae0789d7550,6418,port with adaptation,0.2,present,plugin/skills/show-me-your-work/SKILL.md,Canonical native consolidation; original bytes preserved in the upstream provenance archive.
pstack/skills/show-me-your-work/references/decision-log-template.tsv,100644,db220376ecb8c582a6a4f6575a8f26469603a38d,6779378006a2f5225e8c06deb84f1d913fb532041ebbb6e50d94600bfe3f4b76,38,port verbatim,0.2,present,plugin/skills/show-me-your-work/references/decision-log-template.tsv,Canonical native consolidation; original bytes preserved in the upstream provenance archive.
pstack/skills/show-me-your-work/scripts/log.sh,100755,052e53b7e1090579eaec1d3d59f7a1cd2f2e452a,a65a4bc5fb7cdeadbdb7b7ff1ca4682f4d9c42420942b2977cd17b46c4ac338e,1377,port verbatim,0.2,present,plugin/skills/show-me-your-work/scripts/log.sh,Canonical native consolidation; original bytes preserved in the upstream provenance archive.
pstack/skills/swarm/SKILL.md,100644,db22b8787966abc61216052d9f3142018404cab8,bdcee4168e22428036e93d7cdeec3f391dbc4132f927f6db2540328c22db0273,2949,port with adaptation,0.2,present,plugin/skills/swarm/SKILL.md,Canonical native consolidation; original bytes preserved in the upstream provenance archive.
pstack/skills/tdd/SKILL.md,100644,ca6f24c963001d9d518db2936dfe3d12f29b4e94,eeb868e2dfebee528d730a67d7b17498fac4bb85dec2e38bc5c5176aca4d5d2f,3143,port with adaptation,0.2,present,plugin/skills/tdd/SKILL.md,Canonical native consolidation; original bytes preserved in the upstream provenance archive.
pstack/skills/teach/SKILL.md,100644,25369f3f554ed6b5826340ae3eee688fac0bda80,bd286e5a6290673be2cd28aef7af2ec7f1fb138e6bce156ea657368c7e7fc8a4,5623,port with adaptation,0.2,present,plugin/skills/teach/SKILL.md,Canonical native consolidation; original bytes preserved in the upstream provenance archive.
pstack/skills/technical-writing/SKILL.md,100644,5eef4fc494a059eb740cb621dadb4a7a81af23e4,f5c512ffeec70bc4e0dee50f7bb4c26742e1be77967a6e8b15d1921e1c209ceb,9792,port with adaptation,0.2,present,plugin/skills/technical-writing/SKILL.md,Canonical native consolidation; original bytes preserved in the upstream provenance archive.
pstack/skills/typescript-best-practices/SKILL.md,100644,2c0279d9a5f800192605e47b55cae4e75a17ec27,28f9e61710e205f6f3c5476f333483cff0e988f6a5b639e2faad536344b40c5e,2684,port with adaptation,0.2,present,plugin/skills/typescript-best-practices/SKILL.md,Canonical native consolidation; original bytes preserved in the upstream provenance archive.
pstack/skills/typescript-best-practices/references/patterns.md,100644,c21d876b71b9c7afa897f2f6d982ead07db8f104,faa1362055374452efccac1b629677c61acfb0bcc6c4e3311836b5715638ee18,9214,port verbatim,0.2,present,plugin/skills/typescript-best-practices/references/patterns.md,Canonical native consolidation; original bytes preserved in the upstream provenance archive.
pstack/skills/unslop/SKILL.md,100644,229a090708710c36caa0017f8d33e90880dc6846,195411d320b5b328f9f642baf59757ed19aaf0931c0838740e0aca273d538dc1,6015,port with adaptation,0.2,present,plugin/skills/unslop/SKILL.md,Canonical native consolidation; original bytes preserved in the upstream provenance archive.
pstack/skills/why/SKILL.md,100644,daac2c734a8f8fe43d30663054d694066f2b41ec,2a852ec8680920109d2b56538b027c52867896a597250ac5d18a13e0b42e5b06,10360,port with adaptation,0.2,present,plugin/skills/why/SKILL.md,Canonical native consolidation; original bytes preserved in the upstream provenance archive.
pstack/skills/why/references/epistemics.md,100644,3732bf6881b60d1337fa3498574452a85d33ba30,fcc0f559c072832c869a5ada72434b4849320a637ae63c09e8ee14f7ad787059,7749,port verbatim,0.2,present,plugin/skills/why/references/epistemics.md,Canonical native consolidation; original bytes preserved in the upstream provenance archive.
pstack/skills/why/references/investigator-prompt.md,100644,3b56af44c589833508f4605cfdd4432b39a16739,6892956a7ab0b5ee6c4babaf4f793703abe89b350ea7cb9463b4a56eea1c8266,6985,port verbatim,0.2,present,plugin/skills/why/references/investigator-prompt.md,Canonical native consolidation; original bytes preserved in the upstream provenance archive.
pstack/skills/why/references/source-playbook.md,100644,aa3d877cd539763ff05e266ae0a02dd811441e2b,9ae9dcb9d09111c9facc68510331c5aba4aed9b1b057314ff1fc0e166ad3993a,1363,port verbatim,0.2,present,plugin/skills/why/references/source-playbook.md,Canonical native consolidation; original bytes preserved in the upstream provenance archive.
pstack/skills/why/references/sources/code-archaeology.md,100644,32d5f97f8d2d3974c668f5f0392737b7e8e25afd,8c14aa382f0de40829b2668d43e3f54814480bb93a486c9282ada4003f6b9dbd,3489,port verbatim,0.2,present,plugin/skills/why/references/sources/code-archaeology.md,Canonical native consolidation; original bytes preserved in the upstream provenance archive.
pstack/skills/why/references/sources/databricks.md,100644,2770763ff5d0d1ad004abcc9a0138c9537ad1978,236ede7aab6454662a992db088a5393537a5233a4c26719c93188f9e174488f6,6994,port verbatim,0.2,present,plugin/skills/why/references/sources/databricks.md,Canonical native consolidation; original bytes preserved in the upstream provenance archive.
pstack/skills/why/references/sources/datadog.md,100644,d8363b1c1d1c7eadb15d47abd83bf70537c39620,ebe9c07bac28e47757ee7f16fb93b0c01d427a08c501957d047f395a2f37b7e7,5323,port verbatim,0.2,present,plugin/skills/why/references/sources/datadog.md,Canonical native consolidation; original bytes preserved in the upstream provenance archive.
pstack/skills/why/references/sources/incident-postmortem.md,100644,450d6e52f25b1b41f741cb3e9c93e1c74ef858b4,a899470f05f86029630a13a2696491cc708ca7b56a6e822a69ff6e954d6ff8cf,1973,port verbatim,0.2,present,plugin/skills/why/references/sources/incident-postmortem.md,Canonical native consolidation; original bytes preserved in the upstream provenance archive.
pstack/skills/why/references/sources/linear.md,100644,899c643c078f322afe6ae0ef78a007f8ffd356c1,01304e7f1badfcfb78babbb0edcadeb3cc8dd3f713793420cdff24ba190f907c,2996,port verbatim,0.2,present,plugin/skills/why/references/sources/linear.md,Canonical native consolidation; original bytes preserved in the upstream provenance archive.
pstack/skills/why/references/sources/notion.md,100644,d16230a4105fd1dacf870da0950a38faeb9381e6,3bcfa695c49dfad4ac036d5d7181c12585f55ac04f1936198d16ab75a2788997,2853,port verbatim,0.2,present,plugin/skills/why/references/sources/notion.md,Canonical native consolidation; original bytes preserved in the upstream provenance archive.
pstack/skills/why/references/sources/sentry.md,100644,2b7cf6f3098ee868547dc4e69efacfe9c255246b,6f292bc4fb1548e956f95e1900b9481abf5134254419f1cd9edec95428c82d73,4947,port verbatim,0.2,present,plugin/skills/why/references/sources/sentry.md,Canonical native consolidation; original bytes preserved in the upstream provenance archive.
pstack/skills/why/references/sources/slack.md,100644,863a527d60e4e055e680834ef8098ea04273a1ae,58fee61d024b3700b407e7acbed367944720ff05adfddb6954d36c88368f3ba7,3105,port verbatim,0.2,present,plugin/skills/why/references/sources/slack.md,Canonical native consolidation; original bytes preserved in the upstream provenance archive.
pstack/skills/why/references/synthesizer-prompt.md,100644,9707dfcc2fc57ea126484a433c5cd9ee4d400ef3,733a3e9cf897b1aca56aaddeae01a3832e4bfed024c2f602db2d1bf807d7a73b,7984,port with adaptation,0.2,present,plugin/skills/why/references/synthesizer-prompt.md,Canonical native consolidation; original bytes preserved in the upstream provenance archive.
